Kor MEASUREMENT DATA FILE EXPORT,,,,,,,,,,,,,,,,,,,,,,
,,,,,,,,,,,,,,,,,,,,,,
FILE CREATED:,7/25/2023 15:40,,,,,,,,,,,,,,,,,,,,,
,,,,,,,,,,,,,,,,,,,,,,
,,,MEAN VALUE:,0.21,127.6,11.097,174.1,90.7,90.7,8.85,15.784,0.08,171.8,0.51,112,15.25,0,1.223,16.721,11.103,4.92,1.9
,,,STANDARD DEVIATION:,0.51,123.4,15.41,167.6,10.1,10.1,0.44,21.922,0.08,165.3,1.32,107,15.52,0,0,7.243,15.408,0.3,4.2
,,,,,,,,,,,,,,,,,,,,,,
,,,SENSOR SERIAL NUMBER:,13K103097,17B103500,13G101625,17B103500,13K102088,13K102088,13K102088,13G101625,17B103500,17B103500,13K103097,17B103500,13L102321,13L102321,13K101957,17B103500,13G101625,13G102274,13G102274
Date (MM/DD/YYYY),Time (HH:mm:ss),Time (Fract. Sec),Site Name,Chlorophyll RFU,Cond µS/cm,Depth m,nLF Cond µS/cm,ODO % sat,ODO % CB,ODO mg/L,Pressure psi a,Sal psu,SpCond µS/cm,TAL PC RFU,TDS mg/L,Turbidity FNU,TSS mg/L,Wiper Position volt,Temp °C,Vertical Position m,Battery V,Cable Pwr V
7/25/2023,11:32:02,0,Default Site,-0.8,10.4,0.17,11.3,96.7,96.7,8.59,0.241,0,11.2,-2.01,7,30.49,0,1.223,21.179,0.169,5.65,11.3
7/25/2023,11:32:03,0,Default Site,-0.8,10.4,0.17,11.3,96.7,96.7,8.59,0.241,0,11.2,-2.01,7,30.49,0,1.223,21.179,0.169,5.65,11.3
7/25/2023,11:32:04,0,Default Site,-0.8,10.4,0.17,11.3,96.7,96.7,8.59,0.241,0,11.2,-2.01,7,30.46,0,1.223,21.181,0.176,5.65,11.3
7/25/2023,11:32:05,0,Default Site,-0.8,10.4,0.17,11.3,96.7,96.7,8.59,0.241,0,11.2,-2,7,30.52,0,1.223,21.182,0.169,5.65,11.3
7/25/2023,11:32:06,0,Default Site,-0.8,10.4,0.17,11.3,96.7,96.7,8.59,0.241,0,11.2,-2.01,7,30.56,0,1.223,21.184,0.166,5.65,11.3
7/25/2023,11:32:07,0,Default Site,-0.8,10.4,0.17,11.3,96.7,96.7,8.59,0.241,0,11.2,-2.01,7,30.54,0,1.223,21.185,0.171,5.65,11.3
7/25/2023,11:32:08,0,Default Site,-0.8,10.4,0.17,11.3,96.6,96.6,8.58,0.241,0,11.2,-2.01,7,30.55,0,1.223,21.185,0.171,5.65,11.3
7/25/2023,11:32:09,0,Default Site,-0.8,10.4,0.17,11.3,96.6,96.6,8.58,0.241,0,11.2,-2.01,7,30.5,0,1.223,21.184,0.169,5.65,11.3
7/25/2023,11:32:10,0,Default Site,-0.8,10.4,0.17,11.3,96.5,96.5,8.57,0.241,0,11.2,-2.01,7,30.35,0,1.223,21.182,0.166,5.65,11.3
7/25/2023,11:32:11,0,Default Site,-0.8,10.4,0.17,11.3,96.5,96.5,8.57,0.241,0,11.2,-2.01,7,30.26,0,1.223,21.181,0.17,5.65,11.3
7/25/2023,11:32:12,0,Default Site,-0.8,10.4,0.17,11.3,96.5,96.5,8.57,0.241,0,11.2,-2.01,7,30.2,0,1.223,21.181,0.173,5.65,11.3
7/25/2023,11:32:13,0,Default Site,-0.8,10.4,0.17,11.2,96.4,96.4,8.57,0.241,0,11.2,-2.01,7,30.23,0,1.223,21.181,0.17,5.65,11.3
7/25/2023,11:32:14,0,Default Site,-0.8,10.4,0.17,11.2,96.4,96.4,8.57,0.241,0,11.2,-2.01,7,30.25,0,1.223,21.182,0.166,5.65,11.3
7/25/2023,11:32:15,0,Default Site,-0.8,10.4,0.17,11.2,96.4,96.4,8.57,0.241,0,11.2,-2.01,7,30.31,0,1.223,21.184,0.169,5.65,11.3
7/25/2023,11:32:16,0,Default Site,-0.8,10.3,0.17,11.2,96.5,96.5,8.57,0.241,0,11.2,-2.01,7,30.38,0,1.223,21.186,0.173,5.65,11.3
7/25/2023,11:32:17,0,Default Site,-0.8,10.3,0.17,11.2,96.5,96.5,8.57,0.241,0,11.2,-2.01,7,30.45,0,1.223,21.19,0.169,5.65,11.3
7/25/2023,11:32:18,0,Default Site,-0.8,10.3,0.17,11.2,96.5,96.5,8.57,0.241,0,11.2,-2.01,7,30.5,0,1.223,21.195,0.165,5.65,11.3
7/25/2023,11:32:19,0,Default Site,-0.8,10.3,0.17,11.2,96.5,96.5,8.57,0.241,0,11.2,-2.01,7,30.46,0,1.223,21.199,0.171,5.65,11.3
7/25/2023,11:32:20,0,Default Site,-0.8,10.3,0.17,11.2,96.5,96.5,8.57,0.241,0,11.2,-2.01,7,30.47,0,1.223,21.203,0.169,5.65,11.3
7/25/2023,11:32:21,0,Default Site,-0.8,10.3,0.17,11.2,96.5,96.5,8.57,0.241,0,11.2,-2.01,7,30.48,0,1.223,21.208,0.173,5.65,11.3
7/25/2023,11:32:22,0,Default Site,-0.8,10.3,0.17,11.2,96.6,96.6,8.58,0.241,0,11.2,-2.01,7,30.61,0,1.223,21.213,0.171,5.65,11.3
7/25/2023,11:32:23,0,Default Site,-0.8,10.3,0.17,11.2,96.6,96.6,8.58,0.241,0,11.2,-2.01,7,30.76,0,1.223,21.219,0.165,5.65,11.3
7/25/2023,11:32:24,0,Default Site,-0.8,10.3,0.169,11.2,96.7,96.7,8.58,0.241,0,11.2,-2.01,7,30.87,0,1.223,21.223,0.168,5.65,11.3
7/25/2023,11:32:25,0,Default Site,-0.8,10.4,0.169,11.2,96.7,96.7,8.58,0.24,0,11.2,-2.01,7,30.91,0,1.223,21.229,0.174,5.65,11.3
7/25/2023,11:32:26,0,Default Site,-0.8,10.3,0.169,11.2,96.7,96.7,8.58,0.24,0,11.2,-2.01,7,30.89,0,1.223,21.233,0.169,5.65,11.3
7/25/2023,11:32:27,0,Default Site,-0.8,10.4,0.169,11.2,96.7,96.7,8.58,0.24,0,11.2,-2.01,7,30.81,0,1.223,21.236,0.17,5.65,11.3
7/25/2023,11:32:28,0,Default Site,-0.8,10.4,0.169,11.2,96.7,96.7,8.58,0.24,0,11.2,-2.01,7,30.68,0,1.223,21.238,0.168,5.65,11.3
7/25/2023,11:32:29,0,Default Site,-0.8,10.4,0.169,11.2,96.7,96.7,8.58,0.24,0,11.2,-2.01,7,30.6,0,1.223,21.24,0.174,5.65,11.3
7/25/2023,11:32:30,0,Default Site,-0.8,10.4,0.169,11.2,96.7,96.7,8.58,0.24,0,11.2,-2.01,7,30.57,0,1.223,21.242,0.168,5.65,11.3
7/25/2023,11:32:31,0,Default Site,-0.8,10.4,0.169,11.2,96.6,96.6,8.58,0.24,0,11.2,-2.01,7,30.43,0,1.223,21.242,0.169,5.65,11.3
7/25/2023,11:32:32,0,Default Site,-0.8,10.4,0.169,11.2,96.6,96.6,8.57,0.24,0,11.2,-2.01,7,30.48,0,1.223,21.243,0.168,5.65,11.3
7/25/2023,11:32:33,0,Default Site,-0.8,10.4,0.169,11.2,96.6,96.6,8.57,0.24,0,11.2,-2.01,7,30.44,0,1.223,21.242,0.169,5.65,11.3
7/25/2023,11:32:34,0,Default Site,-0.8,10.4,0.169,11.3,96.6,96.6,8.57,0.24,0,11.2,-2.01,7,30.51,0,1.223,21.242,0.174,4.91,0
7/25/2023,11:32:35,0,Default Site,-0.8,10.4,0.169,11.3,96.6,96.6,8.57,0.24,0,11.2,-2.01,7,30.5,0,1.223,21.242,0.169,4.91,0
7/25/2023,11:32:36,0,Default Site,-0.8,10.4,0.169,11.3,96.6,96.6,8.57,0.24,0,11.2,-2.01,7,30.39,0,1.223,21.242,0.165,4.91,0
7/25/2023,11:32:37,0,Default Site,-0.8,10.4,0.169,11.3,96.5,96.5,8.56,0.24,0,11.2,-2.01,7,30.33,0,1.223,21.241,0.17,4.91,0
7/25/2023,11:32:38,0,Default Site,-0.8,10.4,0.169,11.3,96.5,96.5,8.56,0.24,0,11.2,-2.01,7,30.23,0,1.223,21.239,0.173,4.91,0
7/25/2023,11:32:39,0,Default Site,-0.8,10.4,0.169,11.3,96.4,96.4,8.56,0.24,0,11.2,-2.01,7,30.17,0,1.223,21.236,0.169,4.91,0
7/25/2023,11:32:40,0,Default Site,-0.8,10.4,0.169,11.3,96.4,96.4,8.56,0.24,0,11.2,-2.01,7,30.15,0,1.223,21.234,0.165,4.91,0
7/25/2023,11:32:41,0,Default Site,-0.8,10.4,0.169,11.3,96.4,96.4,8.55,0.24,0,11.2,-2.01,7,30.25,0,1.223,21.232,0.167,4.91,0
7/25/2023,11:32:42,0,Default Site,-0.8,10.4,0.169,11.3,96.4,96.4,8.55,0.24,0,11.2,-2.01,7,30.38,0,1.223,21.228,0.168,4.91,0
7/25/2023,11:32:43,0,Default Site,-0.8,10.4,0.169,11.3,96.3,96.3,8.55,0.24,0,11.2,-2.01,7,30.48,0,1.223,21.226,0.173,4.91,0
7/25/2023,11:32:44,0,Default Site,-0.8,10.4,0.169,11.3,96.3,96.3,8.55,0.24,0,11.2,-2.01,7,30.56,0,1.223,21.224,0.168,4.8,0
7/25/2023,11:32:45,0,Default Site,-0.8,10.4,0.169,11.3,96.3,96.3,8.55,0.24,0,11.3,-2.01,7,30.66,0,1.223,21.224,0.165,4.8,0
7/25/2023,11:32:46,0,Default Site,-0.8,10.5,0.169,11.3,96.3,96.3,8.55,0.24,0,11.3,-2.01,7,30.78,0,1.223,21.224,0.169,4.8,0
7/25/2023,11:32:47,0,Default Site,-0.8,10.5,0.169,11.4,96.3,96.3,8.54,0.24,0,11.3,-2.01,7,30.75,0,1.223,21.222,0.168,4.8,0
7/25/2023,11:32:48,0,Default Site,-0.8,10.5,0.169,11.4,96.2,96.2,8.54,0.24,0,11.3,-2.01,7,30.69,0,1.223,21.219,0.171,4.8,0
7/25/2023,11:32:49,0,Default Site,-0.8,10.5,0.169,11.4,96.2,96.2,8.54,0.24,0,11.3,-2.01,7,30.73,0,1.223,21.216,0.17,4.8,0
7/25/2023,11:32:50,0,Default Site,-0.8,10.5,0.169,11.4,96.2,96.2,8.54,0.24,0,11.3,-2.01,7,30.74,0,1.223,21.214,0.169,4.8,0
7/25/2023,11:32:51,0,Default Site,-0.8,10.5,0.169,11.4,96.2,96.2,8.54,0.24,0,11.3,-2.01,7,30.84,0,1.223,21.213,0.169,4.8,0
7/25/2023,11:32:52,0,Default Site,-0.8,10.5,0.169,11.4,96.1,96.1,8.54,0.24,0,11.4,-2.01,7,30.85,0,1.223,21.211,0.172,4.8,0
7/25/2023,11:32:53,0,Default Site,-0.8,10.5,0.169,11.4,96.1,96.1,8.53,0.24,0,11.4,-2.01,7,30.85,0,1.223,21.209,0.17,4.8,0
7/25/2023,11:32:54,0,Default Site,-0.8,10.6,0.169,11.5,96.1,96.1,8.54,0.24,0,11.4,-2.01,7,30.9,0,1.223,21.209,0.168,4.87,0
7/25/2023,11:32:55,0,Default Site,-0.8,10.6,0.169,11.5,96.1,96.1,8.53,0.24,0,11.4,-2.01,7,30.83,0,1.223,21.21,0.168,4.87,0
7/25/2023,11:32:56,0,Default Site,-0.8,10.6,0.169,11.5,96.1,96.1,8.53,0.24,0,11.4,-2.01,7,30.8,0,1.223,21.21,0.169,4.87,0
7/25/2023,11:32:57,0,Default Site,-0.8,10.6,0.169,11.5,96,96,8.53,0.24,0,11.4,-2.01,7,30.74,0,1.223,21.207,0.169,4.87,0
7/25/2023,11:32:58,0,Default Site,-0.8,10.6,0.169,11.5,96,96,8.52,0.24,0,11.4,-2.01,7,30.75,0,1.223,21.2,0.169,4.87,0
7/25/2023,11:32:59,0,Default Site,-0.8,10.6,0.169,11.5,95.9,95.9,8.52,0.24,0,11.4,-2.01,7,30.65,0,1.223,21.191,0.168,4.87,0
7/25/2023,11:33:00,0,Default Site,-0.8,10.6,0.169,11.5,95.9,95.9,8.52,0.24,0,11.4,-2.01,7,30.63,0,1.223,21.18,0.168,4.87,0
7/25/2023,11:33:01,0,Default Site,-0.8,10.6,0.169,11.5,95.8,95.8,8.51,0.24,0,11.4,-2.01,7,30.59,0,1.223,21.168,0.172,4.87,0
7/25/2023,11:33:02,0,Default Site,-0.8,10.6,0.169,11.5,95.8,95.8,8.51,0.24,0,11.4,-2.01,7,30.57,0,1.223,21.153,0.17,4.87,0
7/25/2023,11:33:03,0,Default Site,-0.8,10.6,0.169,11.5,95.7,95.7,8.51,0.24,0,11.4,-2.01,7,30.61,0,1.223,21.138,0.165,4.87,0
7/25/2023,11:33:04,0,Default Site,-0.8,10.6,0.169,11.5,95.6,95.6,8.5,0.24,0,11.4,-2.01,7,30.58,0,1.223,21.119,0.168,4.87,0
7/25/2023,11:33:05,0,Default Site,-0.8,10.6,0.169,11.5,95.6,95.6,8.5,0.24,0,11.4,-2.01,7,30.51,0,1.223,21.103,0.173,4.87,0
7/25/2023,11:33:06,0,Default Site,-0.8,10.6,0.169,11.5,95.5,95.5,8.5,0.24,0,11.4,-2.01,7,30.41,0,1.223,21.085,0.169,4.87,0
7/25/2023,11:33:07,0,Default Site,-0.78,10.5,0.169,11.5,95.5,95.5,8.5,0.239,0,11.4,-1.95,7,30.41,0,1.223,21.069,0.163,4.87,0
7/25/2023,11:33:08,0,Default Site,-0.68,10.5,0.169,11.4,95.4,95.4,8.5,0.239,0,11.3,-1.73,7,30.44,0,1.223,21.05,0.166,4.87,0
7/25/2023,11:33:09,0,Default Site,-0.58,10.4,0.169,11.3,95.4,95.4,8.5,0.239,0,11.3,-1.55,7,30.5,0,1.223,21.034,0.172,4.87,0
7/25/2023,11:33:10,0,Default Site,-0.43,10.3,0.169,11.2,95.5,95.5,8.51,0.239,0,11.2,-1.27,7,30.7,0,1.223,21.021,0.171,4.87,0
7/25/2023,11:33:11,0,Default Site,-0.27,10.2,0.168,11.1,95.5,95.5,8.51,0.239,0,11,-0.98,7,30.79,0,1.223,21.012,0.163,4.87,0
7/25/2023,11:33:12,0,Default Site,-0.12,10.1,0.168,11,95.6,95.6,8.52,0.239,0,10.9,-0.7,7,30.93,0,1.223,21.006,0.165,4.87,0
7/25/2023,11:33:13,0,Default Site,-0.04,10,0.168,10.9,95.7,95.7,8.53,0.239,0,10.8,-0.43,7,30.99,0,1.223,21.003,0.167,4.87,0
7/25/2023,11:33:14,0,Default Site,0.08,9.9,0.168,10.8,95.7,95.7,8.54,0.239,0,10.7,-0.13,7,31.15,0,1.223,21.002,0.172,4.78,0
7/25/2023,11:33:15,0,Default Site,0.19,9.7,0.168,10.6,95.8,95.8,8.54,0.239,0,10.6,0.16,7,31.33,0,1.223,21.002,0.164,4.78,0
7/25/2023,11:33:16,0,Default Site,0.32,9.6,0.168,10.5,95.9,95.9,8.55,0.238,0,10.4,0.46,7,31.46,0,1.223,21.004,0.163,4.78,0
7/25/2023,11:33:17,0,Default Site,0.44,9.5,0.168,10.4,96,96,8.56,0.238,0,10.3,0.78,7,31.77,0,1.223,21.007,0.168,4.78,0
7/25/2023,11:33:18,0,Default Site,0.4,9.4,0.168,10.2,96.1,96.1,8.56,0.239,0,10.1,1.06,7,31.99,0,1.223,21.011,0.171,4.78,0
7/25/2023,11:33:19,0,Default Site,0.37,9.2,0.168,10,96.1,96.1,8.57,0.238,0,10,1.37,6,32.19,0,1.223,21.014,0.166,4.78,0
7/25/2023,11:33:20,0,Default Site,0.37,9.1,0.168,9.9,96.2,96.2,8.57,0.238,0,9.8,1.66,6,32.45,0,1.223,21.018,0.166,4.78,0
7/25/2023,11:33:21,0,Default Site,0.32,8.9,0.168,9.7,96.2,96.2,8.58,0.238,0,9.6,1.96,6,32.65,0,1.223,21.02,0.165,4.78,0
7/25/2023,11:33:22,0,Default Site,0.29,8.8,0.168,9.6,96.2,96.2,8.58,0.238,0,9.5,2.25,6,32.74,0,1.223,21.023,0.165,4.78,0
7/25/2023,11:33:23,0,Default Site,0.27,8.6,0.168,9.4,96.2,96.2,8.57,0.238,0,9.3,2.54,6,32.76,0,1.223,21.023,0.17,4.78,0
7/25/2023,11:33:24,0,Default Site,0.32,8.5,0.168,9.3,96.2,96.2,8.57,0.238,0,9.2,2.84,6,32.78,0,1.223,21.022,0.166,4.62,0
7/25/2023,11:33:25,0,Default Site,0.32,11.2,0.168,11.5,102.9,102.9,9.17,0.238,0,11.5,2.98,7,0.83,0,1.223,23.797,0.166,4.62,0
7/25/2023,11:33:26,0,Default Site,0.31,309.2,0.168,314.1,99.4,99.4,8.4,0.238,0.15,313.6,2.79,204,0.84,0,1.223,24.256,0.168,4.62,0
7/25/2023,11:33:27,0,Default Site,0.3,317.1,0.168,321.9,100,100,8.37,0.238,0.15,321.5,2.64,209,0.89,0,1.223,24.292,0.187,4.62,0
7/25/2023,11:33:28,0,Default Site,0.31,317.3,0.17,322.7,100.2,100.2,8.39,0.242,0.15,322.2,2.53,209,0.78,0,1.223,24.212,0.358,4.62,0
7/25/2023,11:33:29,0,Default Site,0.34,317,0.178,322.6,100.5,100.5,8.42,0.253,0.15,322.1,2.35,209,0.78,0,1.223,24.175,0.477,4.62,0
7/25/2023,11:33:30,0,Default Site,0.36,316.8,0.187,322.7,100.8,100.8,8.45,0.266,0.15,322.2,2.17,209,0.8,0,1.223,24.114,0.465,4.62,0
7/25/2023,11:33:31,0,Default Site,0.39,316.6,0.196,322.7,101,101,8.48,0.278,0.15,322.2,2,209,0.75,0,1.223,24.097,0.492,4.62,0
7/25/2023,11:33:32,0,Default Site,0.43,316.5,0.204,322.7,101.3,101.3,8.51,0.29,0.15,322.1,1.84,209,0.77,0,1.223,24.086,0.504,4.62,0
7/25/2023,11:33:33,0,Default Site,0.46,316.5,0.213,322.7,101.5,101.5,8.53,0.302,0.15,322.1,1.64,209,0.78,0,1.223,24.082,0.504,4.62,0
7/25/2023,11:33:34,0,Default Site,0.47,316.5,0.225,322.7,101.7,101.7,8.54,0.319,0.15,322.2,1.46,209,0.76,0,1.223,24.083,0.571,4.68,0
7/25/2023,11:33:35,0,Default Site,0.47,316.6,0.235,322.8,101.9,101.9,8.56,0.333,0.15,322.2,1.26,209,0.77,0,1.223,24.082,0.576,4.68,0
7/25/2023,11:33:36,0,Default Site,0.5,316.6,0.246,322.8,102,102,8.57,0.349,0.15,322.2,1.06,209,0.8,0,1.223,24.082,0.645,4.68,0
7/25/2023,11:33:37,0,Default Site,0.53,316.6,0.26,322.8,102.1,102.1,8.58,0.368,0.15,322.3,0.89,209,0.82,0,1.223,24.078,0.729,4.68,0
7/25/2023,11:33:38,0,Default Site,0.55,316.6,1.226,322.8,102.2,102.2,8.59,1.739,0.15,322.3,0.69,209,0.86,0,1.223,24.073,1.043,4.68,0
7/25/2023,11:33:39,0,Default Site,0.57,316.5,1.573,322.9,102.3,102.3,8.59,2.232,0.15,322.3,0.51,209,0.89,0,1.223,24.061,1.393,4.68,0
7/25/2023,11:33:40,0,Default Site,0.6,316.4,2.026,322.9,102.4,102.4,8.6,2.874,0.15,322.3,0.33,209,0.9,0,1.223,24.049,1.772,4.68,0
7/25/2023,11:33:41,0,Default Site,0.64,316.3,2.277,322.9,102.5,102.5,8.61,3.23,0.15,322.3,0.14,209,0.9,0,1.223,24.031,2.221,4.68,0
7/25/2023,11:33:42,0,Default Site,0.69,316.2,2.459,323,102.7,102.7,8.63,3.489,0.15,322.3,-0.03,210,0.92,0,1.223,24.007,2.64,4.68,0
7/25/2023,11:33:43,0,Default Site,0.73,316.1,3.619,323,102.9,102.9,8.66,5.133,0.15,322.4,-0.13,210,0.92,0,1.223,23.98,3.309,4.68,0
7/25/2023,11:33:44,0,Default Site,0.79,316,4.236,323.1,103.1,103.1,8.67,6.009,0.15,322.4,-0.12,210,0.94,0,1.223,23.954,3.92,4.7,0
7/25/2023,11:33:45,0,Default Site,0.87,315.9,4.878,323.2,103.2,103.2,8.69,6.92,0.15,322.5,-0.13,210,0.95,0,1.223,23.919,4.556,4.7,0
7/25/2023,11:33:46,0,Default Site,0.93,315.7,5.443,323.3,103.2,103.2,8.7,7.721,0.15,322.6,-0.12,210,0.96,0,1.223,23.881,5.139,4.7,0
7/25/2023,11:33:47,0,Default Site,0.99,315.6,5.583,323.5,103.3,103.3,8.71,7.921,0.15,322.8,-0.12,210,0.97,0,1.223,23.83,5.739,4.7,0
7/25/2023,11:33:48,0,Default Site,1.06,315.4,6.818,323.8,103.3,103.3,8.72,9.673,0.15,323,-0.1,210,0.99,0,1.223,23.756,6.477,4.7,0
7/25/2023,11:33:49,0,Default Site,1.11,315.3,7.444,323.9,103.3,103.3,8.73,10.561,0.15,323.1,-0.11,210,1.01,0,1.223,23.729,7.12,4.7,0
7/25/2023,11:33:50,0,Default Site,1.15,315.1,7.975,324,103.4,103.4,8.74,11.314,0.15,323.2,-0.11,210,1.01,0,1.223,23.683,7.701,4.7,0
7/25/2023,11:33:51,0,Default Site,1.18,314.7,8.466,324.2,103.3,103.3,8.74,12.011,0.15,323.4,-0.1,210,0.98,0,1.223,23.604,8.21,4.7,0
7/25/2023,11:33:52,0,Default Site,1.2,314.6,8.607,324.4,103.2,103.2,8.74,12.212,0.15,323.5,-0.1,210,0.98,0,1.223,23.556,8.735,4.7,0
7/25/2023,11:33:53,0,Default Site,1.21,314.2,8.863,342.2,90.6,90.6,7.69,12.578,0.16,339.8,-0.1,221,0.96,0,1.223,20.072,9.201,4.7,0
7/25/2023,11:33:54,0,Default Site,1.18,311.7,9.96,374.9,89.9,89.9,8.15,14.147,0.18,369.9,-0.1,240,0.91,0,1.223,16.69,9.704,4.78,0
7/25/2023,11:33:55,0,Default Site,1.1,310.4,10.557,375.3,91.6,91.6,8.83,15,0.18,370.2,-0.1,241,0.88,0,1.223,16.491,10.257,4.78,0
7/25/2023,11:33:56,0,Default Site,1.02,306.5,11.109,373.7,89.3,89.3,8.71,15.785,0.18,368.5,-0.1,240,0.8,0,1.223,14.553,10.81,4.78,0
7/25/2023,11:33:57,0,Default Site,0.94,302.9,11.442,386.6,84.8,84.8,8.31,16.263,0.18,380.5,-0.1,247,0.78,0,1.223,14.319,11.393,4.78,0
7/25/2023,11:33:58,0,Default Site,0.87,301.1,11.589,385.4,85.8,85.8,8.77,16.472,0.18,379.4,-0.1,247,0.73,0,1.223,14.194,11.678,4.78,0
7/25/2023,11:33:59,0,Default Site,0.78,296,11.709,376.4,85.6,85.6,8.78,16.644,0.18,370.6,-0.09,241,0.66,0,1.223,14.467,11.83,4.78,0
7/25/2023,11:34:00,0,Default Site,0.7,294.3,11.806,374.4,84.9,84.9,8.66,16.78,0.18,368.6,-0.09,240,0.63,0,1.223,14.435,11.97,4.78,0
7/25/2023,11:34:01,0,Default Site,0.61,291.2,11.883,370.4,84.5,84.5,8.62,16.89,0.18,364.7,-0.08,237,0.59,0,1.223,14.451,12.063,4.78,0
7/25/2023,11:34:02,0,Default Site,0.53,285.7,11.945,364.1,84.1,84.1,8.57,16.977,0.17,358.5,-0.08,233,0.53,0,1.223,14.37,12.275,4.78,0
7/25/2023,11:34:03,0,Default Site,0.43,282.2,12.943,361.3,83.6,83.6,8.52,18.397,0.17,355.7,-0.08,231,0.48,0,1.223,14.149,12.706,4.78,0
7/25/2023,11:34:04,0,Default Site,0.39,280.1,13.449,371.3,79.3,79.3,8.11,19.116,0.18,365.1,-0.07,237,0.43,0,1.223,12.807,13.174,4.81,0
7/25/2023,11:34:05,0,Default Site,0.36,274.2,14.076,367.7,80.7,80.7,8.54,20.011,0.17,361.5,-0.06,235,0.36,0,1.223,12.245,13.796,4.81,0
7/25/2023,11:34:06,0,Default Site,0.34,272.2,14.406,369.6,79,79,8.4,20.482,0.18,363.3,-0.06,236,0.33,0,1.223,11.868,14.34,4.81,0
7/25/2023,11:34:07,0,Default Site,0.33,268,14.64,369.2,78.9,78.9,8.59,20.817,0.17,362.8,-0.05,236,0.24,0,1.223,11.279,14.868,4.81,0
7/25/2023,11:34:08,0,Default Site,0.33,265.2,14.957,367.9,78.9,78.9,8.61,21.267,0.17,361.6,-0.04,235,0.24,0,1.223,11.046,15.366,4.81,0
7/25/2023,11:34:09,0,Default Site,0.31,263.1,15.242,366.7,78.9,78.9,8.66,21.673,0.17,360.3,-0.04,234,0.22,0,1.223,10.85,15.764,4.81,0
7/25/2023,11:34:10,0,Default Site,0.3,260.9,16.606,365.6,78.7,78.7,8.7,23.613,0.17,359.2,-0.03,233,0.21,0,1.223,10.668,16.346,4.81,0
7/25/2023,11:34:11,0,Default Site,0.29,258.8,17.141,375.7,78.6,78.6,8.7,24.374,0.18,369.2,-0.02,240,0.18,0,1.223,9.291,16.87,4.81,0
7/25/2023,11:34:12,0,Default Site,0.27,256.1,17.7,377.2,78.3,78.3,8.72,25.172,0.18,370.6,-0.01,241,0.18,0,1.223,8.82,17.419,4.81,0
7/25/2023,11:34:13,0,Default Site,0.24,253.5,17.813,375.7,78.4,78.4,9.09,25.334,0.18,369.3,0,240,0.16,0,1.223,8.56,17.956,4.81,0
7/25/2023,11:34:14,0,Default Site,0.24,250.4,18.19,372.8,78.4,78.4,9.12,25.871,0.18,366.4,0.02,238,0.15,0,1.223,8.423,18.568,4.83,0
7/25/2023,11:34:15,0,Default Site,0.22,247.8,19.343,369.7,78.4,78.4,9.17,27.511,0.17,363.4,0.02,236,0.15,0,1.223,8.337,19.085,4.83,0
7/25/2023,11:34:16,0,Default Site,0.23,245.1,19.975,366.4,78.5,78.5,9.21,28.41,0.17,360.1,0.03,234,0.14,0,1.223,8.276,19.664,4.83,0
7/25/2023,11:34:17,0,Default Site,0.22,243,20.526,363.7,78.5,78.5,9.22,29.194,0.17,357.5,0.05,232,0.12,0,1.223,8.216,20.243,4.83,0
7/25/2023,11:34:18,0,Default Site,0.22,240.7,20.733,360.8,78.6,78.6,9.25,29.489,0.17,354.6,0.06,231,0.09,0,1.223,8.173,20.724,4.83,0
7/25/2023,11:34:19,0,Default Site,0.21,238.9,20.869,358.5,78.7,78.7,9.27,29.682,0.17,352.3,0.06,229,0.07,0,1.223,8.137,21.044,4.83,0
7/25/2023,11:34:20,0,Default Site,0.2,237.1,21.081,356.2,78.7,78.7,9.28,29.983,0.17,350.1,0.07,228,0.06,0,1.223,8.103,21.501,4.83,0
7/25/2023,11:34:21,0,Default Site,0.19,235.7,22.218,354.5,78.8,78.8,9.3,31.601,0.17,348.5,0.08,227,0.06,0,1.223,8.052,21.975,4.83,0
7/25/2023,11:34:22,0,Default Site,0.19,234.2,22.585,352.8,78.9,78.9,9.32,32.123,0.17,346.8,0.08,225,0.05,0,1.223,8.007,22.392,4.83,0
7/25/2023,11:34:23,0,Default Site,0.18,233.1,23.18,351.5,78.9,78.9,9.33,32.969,0.17,345.5,0.09,225,0.04,0,1.223,7.961,22.91,4.83,0
7/25/2023,11:34:24,0,Default Site,0.19,232.1,23.419,350.4,79.1,79.1,9.37,33.309,0.17,344.4,0.11,224,0.05,0,1.223,7.921,23.393,4.77,0
7/25/2023,11:34:25,0,Default Site,0.19,231.3,23.596,349.7,79.2,79.2,9.38,33.562,0.17,343.7,0.11,223,0.05,0,1.223,7.877,23.725,4.77,0
7/25/2023,11:34:26,0,Default Site,0.2,230.6,23.773,349,79.3,79.3,9.41,33.813,0.16,343.1,0.13,223,0.06,0,1.223,7.833,24.085,4.77,0
7/25/2023,11:34:27,0,Default Site,0.2,230,24.902,348.6,79.3,79.3,9.42,35.419,0.16,342.7,0.13,223,0.06,0,1.223,7.774,24.661,4.77,0
7/25/2023,11:34:28,0,Default Site,0.2,229.4,25.393,348.7,79.4,79.4,9.44,36.117,0.16,342.8,0.14,223,0.06,0,1.223,7.69,25.154,4.77,0
7/25/2023,11:34:29,0,Default Site,0.2,229,25.923,348.7,79.4,79.4,9.46,36.872,0.16,342.8,0.15,223,0.05,0,1.223,7.596,25.654,4.77,0
7/25/2023,11:34:30,0,Default Site,0.19,228.4,26.155,348.8,79.4,79.4,9.48,37.202,0.16,342.9,0.17,223,0.05,0,1.223,7.515,26.089,4.77,0
7/25/2023,11:34:31,0,Default Site,0.19,227.9,26.369,348.8,79.3,79.3,9.49,37.507,0.16,343,0.18,223,0.05,0,1.223,7.416,26.613,4.77,0
7/25/2023,11:34:32,0,Default Site,0.2,227.3,26.76,348.9,79.2,79.2,9.5,38.063,0.16,343.1,0.2,223,0.07,0,1.223,7.32,27.2,4.77,0
7/25/2023,11:34:33,0,Default Site,0.2,226.7,27.878,349,79.1,79.1,9.51,39.653,0.16,343.2,0.21,223,0.08,0,1.223,7.212,27.658,4.77,0
7/25/2023,11:34:34,0,Default Site,0.2,226.1,28.61,349.1,79,79,9.53,40.694,0.16,343.3,0.21,223,0.11,0,1.223,7.126,28.389,4.74,0
7/25/2023,11:34:35,0,Default Site,0.2,225.6,28.801,349.1,78.9,78.9,9.54,40.967,0.16,343.4,0.22,223,0.12,0,1.223,7.027,28.567,4.74,0
7/25/2023,11:34:36,0,Default Site,0.21,225,28.951,349.2,78.8,78.8,9.55,41.18,0.16,343.5,0.24,223,0.13,0,1.223,6.937,29.024,4.74,0
7/25/2023,11:34:37,0,Default Site,0.19,224.4,29.449,349.3,78.7,78.7,9.55,41.889,0.16,343.6,0.24,223,0.16,0,1.223,6.828,29.886,4.74,0
7/25/2023,11:34:38,0,Default Site,0.17,223.7,30.512,349.4,78.5,78.5,9.56,43.401,0.16,343.7,0.26,223,0.17,0,1.223,6.727,30.216,4.74,0
7/25/2023,11:34:39,0,Default Site,0.15,223.2,30.974,349.5,78.4,78.4,9.57,44.059,0.16,343.9,0.27,224,0.18,0,1.223,6.622,30.733,4.74,0
7/25/2023,11:34:40,0,Default Site,0.16,222.7,31.829,349.6,78.2,78.2,9.57,45.276,0.16,344,0.28,224,0.21,0,1.223,6.537,31.568,4.74,0
7/25/2023,11:34:41,0,Default Site,0.16,222.2,31.83,349.8,78.1,78.1,9.58,45.277,0.17,344.2,0.29,224,0.22,0,1.223,6.442,31.874,4.74,0
7/25/2023,11:34:42,0,Default Site,0.16,221.8,32.138,349.9,77.9,77.9,9.58,45.715,0.17,344.3,0.3,224,0.25,0,1.223,6.365,32.414,4.74,0
7/25/2023,11:34:43,0,Default Site,0.15,221.3,33.519,350,77.7,77.7,9.57,47.679,0.17,344.4,0.29,224,0.27,0,1.223,6.282,33.256,4.74,0
7/25/2023,11:34:44,0,Default Site,0.14,220.9,33.68,350.1,77.6,77.6,9.58,47.91,0.17,344.5,0.31,224,0.3,0,1.223,6.213,33.443,4.81,0
7/25/2023,11:34:45,0,Default Site,0.14,220.6,34.323,350.1,77.4,77.4,9.58,48.823,0.17,344.6,0.31,224,0.34,0,1.223,6.161,34.025,4.81,0
7/25/2023,11:34:46,0,Default Site,0.14,220.3,34.775,350.2,77.3,77.3,9.57,49.467,0.17,344.7,0.32,224,0.36,0,1.223,6.104,34.589,4.81,0
7/25/2023,11:34:47,0,Default Site,0.13,220,34.957,350.3,77.1,77.1,9.57,49.726,0.17,344.8,0.33,224,0.4,0,1.223,6.057,35.193,4.81,0
7/25/2023,11:34:48,0,Default Site,0.13,219.8,36.401,350.4,77,77,9.56,51.78,0.17,344.9,0.34,224,0.42,0,1.223,6.008,36.089,4.81,0
7/25/2023,11:34:49,0,Default Site,0.14,219.6,36.671,350.4,76.9,76.9,9.56,52.164,0.17,345,0.34,224,0.44,0,1.223,5.971,36.339,4.81,0
7/25/2023,11:34:50,0,Default Site,0.15,219.5,37.288,350.5,76.7,76.7,9.55,53.042,0.17,345,0.34,224,0.46,0,1.223,5.942,37.004,4.81,0
7/25/2023,11:34:51,0,Default Site,0.15,219.3,37.881,350.4,76.7,76.7,9.55,53.886,0.17,345,0.35,224,0.47,0,1.223,5.922,37.581,4.81,0
7/25/2023,11:34:52,0,Default Site,0.14,219.1,38.019,350.4,76.6,76.6,9.54,54.082,0.17,345,0.36,224,0.46,0,1.223,5.899,38.19,4.81,0
7/25/2023,11:34:53,0,Default Site,0.14,218.9,38.593,350.3,76.5,76.5,9.54,54.899,0.17,344.9,0.37,224,0.47,0,1.223,5.878,39.011,4.81,0
7/25/2023,11:34:54,0,Default Site,0.15,218.8,39.796,350.3,76.4,76.4,9.53,56.611,0.17,344.8,0.37,224,0.49,0,1.223,5.856,39.524,4.83,0
7/25/2023,11:34:55,0,Default Site,0.15,218.6,40.15,350.2,76.4,76.4,9.54,57.114,0.17,344.8,0.37,224,0.49,0,1.223,5.835,39.856,4.83,0
7/25/2023,11:34:56,0,Default Site,0.15,218.4,41,350.1,76.4,76.4,9.54,58.323,0.17,344.7,0.38,224,0.51,0,1.223,5.808,40.725,4.83,0
7/25/2023,11:34:57,0,Default Site,0.16,218.2,41.181,350.1,76.4,76.4,9.54,58.581,0.17,344.8,0.39,224,0.53,0,1.223,5.784,41.194,4.83,0
7/25/2023,11:34:58,0,Default Site,0.17,218.1,41.266,350.1,76.4,76.4,9.55,58.702,0.17,344.8,0.41,224,0.55,0,1.223,5.755,41.336,4.83,0
7/25/2023,11:34:59,0,Default Site,0.17,217.9,41.617,350.2,76.4,76.4,9.55,59.202,0.17,344.8,0.41,224,0.58,0,1.223,5.728,41.994,4.83,0
7/25/2023,11:35:00,0,Default Site,0.17,217.8,42.724,350.3,76.4,76.4,9.56,60.776,0.17,344.9,0.43,224,0.63,0,1.223,5.696,42.48,4.83,0
7/25/2023,11:35:01,0,Default Site,0.17,217.6,43.392,350.4,76.4,76.4,9.57,61.727,0.17,345,0.44,224,0.7,0,1.223,5.669,43.115,4.83,0
7/25/2023,11:35:02,0,Default Site,0.17,217.5,43.577,350.4,76.3,76.3,9.57,61.99,0.17,345.1,0.44,224,0.76,0,1.223,5.638,43.317,4.83,0
7/25/2023,11:35:03,0,Default Site,0.18,217.4,44.053,350.6,76.3,76.3,9.58,62.667,0.17,345.2,0.45,224,0.81,0,1.223,5.612,44.104,4.83,0
7/25/2023,11:35:04,0,Default Site,0.19,217.3,44.381,350.7,76.2,76.2,9.57,63.134,0.17,345.4,0.46,224,0.85,0,1.223,5.586,44.626,4.84,0
7/25/2023,11:35:05,0,Default Site,0.18,217.2,44.729,350.8,76.2,76.2,9.57,63.63,0.17,345.5,0.47,225,0.9,0,1.223,5.564,45.159,4.84,0
7/25/2023,11:35:06,0,Default Site,0.18,217.2,45.814,351,76.1,76.1,9.57,65.173,0.17,345.7,0.47,225,0.95,0,1.223,5.54,45.624,4.84,0
7/25/2023,11:35:07,0,Default Site,0.18,217.2,45.975,351.1,75.9,75.9,9.56,65.402,0.17,345.9,0.48,225,1,0,1.223,5.52,45.916,4.84,0
7/25/2023,11:35:08,0,Default Site,0.17,217.2,46.104,351.3,75.8,75.8,9.54,65.586,0.17,346,0.48,225,1.04,0,1.223,5.501,46.023,4.84,0
7/25/2023,11:35:09,0,Default Site,0.18,217.2,46.132,351.4,75.7,75.7,9.53,65.625,0.17,346.2,0.49,225,1.05,0,1.223,5.488,46.113,4.84,0
7/25/2023,11:35:10,0,Default Site,0.19,217.1,46.172,351.5,75.5,75.5,9.51,65.682,0.17,346.2,0.5,225,1.06,0,1.223,5.477,46.2,4.84,0
7/25/2023,11:35:11,0,Default Site,0.19,217.1,46.216,351.6,75.3,75.3,9.49,65.745,0.17,346.3,0.5,225,1.05,0,1.223,5.47,46.308,4.84,0
7/25/2023,11:35:12,0,Default Site,0.18,217.1,46.237,351.7,75.2,75.2,9.47,65.775,0.17,346.4,0.51,225,1.06,0,1.223,5.465,46.29,4.84,0
7/25/2023,11:35:13,0,Default Site,0.18,217.1,46.255,351.7,75,75,9.45,65.8,0.17,346.4,0.53,225,1.06,0,1.223,5.465,46.289,4.84,0
7/25/2023,11:35:14,0,Default Site,0.19,217.1,46.211,351.6,74.8,74.8,9.43,65.738,0.17,346.4,0.53,225,1.07,0,1.223,5.465,45.952,4.82,0
7/25/2023,11:35:15,0,Default Site,0.18,217.2,46.171,351.7,74.7,74.7,9.41,65.681,0.17,346.4,0.54,225,1.03,0,1.223,5.465,45.963,4.82,0
7/25/2023,11:35:16,0,Default Site,0.18,217.2,46.14,351.7,74.5,74.5,9.4,65.637,0.17,346.4,0.54,225,1,0,1.223,5.466,45.951,4.82,0
7/25/2023,11:35:17,0,Default Site,0.18,217.2,46.115,351.7,74.4,74.4,9.38,65.601,0.17,346.4,0.54,225,0.97,0,1.223,5.467,45.946,4.82,0
7/25/2023,11:35:18,0,Default Site,0.19,217.2,46.085,351.7,74.3,74.3,9.37,65.558,0.17,346.5,0.55,225,0.96,0,1.223,5.469,45.853,4.82,0
7/25/2023,11:35:19,0,Default Site,0.19,217.2,46.07,351.7,74.2,74.2,9.35,65.537,0.17,346.5,0.55,225,0.95,0,1.223,5.47,45.908,4.82,0
7/25/2023,11:35:20,0,Default Site,0.19,217.2,46.056,351.7,74.1,74.1,9.34,65.518,0.17,346.5,0.56,225,0.92,0,1.223,5.472,45.916,4.82,0
7/25/2023,11:35:21,0,Default Site,0.19,217.2,46.044,351.7,74,74,9.32,65.5,0.17,346.5,0.57,225,0.89,0,1.223,5.473,45.913,4.82,0
7/25/2023,11:35:22,0,Default Site,0.2,217.2,46.022,351.7,73.9,73.9,9.31,65.469,0.17,346.4,0.57,225,0.92,0,1.223,5.475,45.654,4.82,0
7/25/2023,11:35:23,0,Default Site,0.19,217.2,44.787,351.7,73.8,73.8,9.3,63.712,0.17,346.4,0.57,225,0.92,0,1.223,5.474,45.048,4.82,0
7/25/2023,11:35:24,0,Default Site,0.2,217.2,44.219,351.7,73.7,73.7,9.29,62.904,0.17,346.5,0.58,225,0.93,0,1.223,5.474,44.516,4.77,0
7/25/2023,11:35:25,0,Default Site,0.2,217.3,43.662,351.8,73.7,73.7,9.28,62.111,0.17,346.5,0.58,225,0.94,0,1.223,5.474,43.969,4.77,0
7/25/2023,11:35:26,0,Default Site,0.19,217.3,43.34,351.8,73.6,73.6,9.27,61.653,0.17,346.5,0.58,225,0.95,0,1.223,5.473,43.39,4.77,0
7/25/2023,11:35:27,0,Default Site,0.2,217.3,42.975,351.8,73.5,73.5,9.27,61.134,0.17,346.5,0.59,225,0.96,0,1.223,5.473,42.689,4.77,0
7/25/2023,11:35:28,0,Default Site,0.21,217.3,41.851,351.7,73.4,73.4,9.26,59.535,0.17,346.5,0.6,225,1,0,1.223,5.474,42.167,4.77,0
7/25/2023,11:35:29,0,Default Site,0.2,217.3,41.282,351.7,73.4,73.4,9.25,58.726,0.17,346.4,0.6,225,0.99,0,1.223,5.476,41.599,4.77,0
7/25/2023,11:35:30,0,Default Site,0.21,217.2,40.742,351.7,73.4,73.4,9.25,57.956,0.17,346.4,0.61,225,0.98,0,1.223,5.479,41.041,4.77,0
7/25/2023,11:35:31,0,Default Site,0.21,217.2,40.128,351.6,73.4,73.4,9.24,57.083,0.17,346.3,0.62,225,0.96,0,1.223,5.483,40.308,4.77,0
7/25/2023,11:35:32,0,Default Site,0.21,217.2,39.935,351.6,73.3,73.3,9.24,56.81,0.17,346.3,0.63,225,0.93,0,1.223,5.489,39.755,4.77,0
7/25/2023,11:35:33,0,Default Site,0.21,217.3,39.604,351.5,73.3,73.3,9.24,56.338,0.17,346.2,0.65,225,0.89,0,1.223,5.499,39.184,4.77,0
7/25/2023,11:35:34,0,Default Site,0.23,217.3,38.357,351.4,73.3,73.3,9.24,54.563,0.17,346.1,0.65,225,0.84,0,1.223,5.51,38.645,4.84,0
7/25/2023,11:35:35,0,Default Site,0.22,217.3,37.758,351.3,73.4,73.4,9.24,53.712,0.17,346.1,0.67,225,0.79,0,1.223,5.524,38.074,4.84,0
7/25/2023,11:35:36,0,Default Site,0.23,217.3,37.096,351.2,73.4,73.4,9.24,52.77,0.17,345.9,0.68,225,0.75,0,1.223,5.54,37.373,4.84,0
7/25/2023,11:35:37,0,Default Site,0.25,217.4,36.972,351.1,73.5,73.5,9.25,52.593,0.17,345.8,0.68,225,0.7,0,1.223,5.56,36.822,4.84,0
7/25/2023,11:35:38,0,Default Site,0.26,217.4,36.621,351,73.6,73.6,9.26,52.094,0.17,345.7,0.69,225,0.65,0,1.223,5.578,36.26,4.84,0
7/25/2023,11:35:39,0,Default Site,0.26,217.5,35.403,350.9,73.8,73.8,9.27,50.362,0.17,345.6,0.7,225,0.61,0,1.223,5.602,35.694,4.84,0
7/25/2023,11:35:40,0,Default Site,0.26,217.6,34.684,350.8,73.9,73.9,9.29,49.338,0.17,345.5,0.7,225,0.59,0,1.223,5.623,34.986,4.84,0
7/25/2023,11:35:41,0,Default Site,0.26,217.7,34.138,350.7,74.1,74.1,9.3,48.561,0.17,345.4,0.71,225,0.62,0,1.223,5.651,34.429,4.84,0
7/25/2023,11:35:42,0,Default Site,0.28,217.9,33.947,350.7,74.3,74.3,9.32,48.29,0.17,345.3,0.72,224,0.53,0,1.223,5.675,33.857,4.84,0
7/25/2023,11:35:43,0,Default Site,0.29,218,33.6,350.7,74.4,74.4,9.33,47.796,0.17,345.3,0.73,224,0.5,0,1.223,5.704,33.293,4.84,0
7/25/2023,11:35:44,0,Default Site,0.29,218.2,32.416,350.6,74.6,74.6,9.35,46.112,0.17,345.3,0.73,224,0.48,0,1.223,5.73,32.715,4.84,0
7/25/2023,11:35:45,0,Default Site,0.3,218.3,31.741,350.6,74.8,74.8,9.37,45.152,0.17,345.2,0.74,224,0.45,0,1.223,5.758,32.031,4.84,0
7/25/2023,11:35:46,0,Default Site,0.31,218.5,31.142,350.6,75,75,9.39,44.299,0.17,345.2,0.75,224,0.46,0,1.223,5.781,31.452,4.84,0
7/25/2023,11:35:47,0,Default Site,0.3,218.6,30.917,350.6,75.2,75.2,9.4,43.979,0.17,345.2,0.76,224,0.46,0,1.223,5.807,30.91,4.84,0
7/25/2023,11:35:48,0,Default Site,0.3,218.8,30.604,350.6,75.4,75.4,9.42,43.534,0.17,345.2,0.77,224,0.45,0,1.223,5.829,30.287,4.84,0
7/25/2023,11:35:49,0,Default Site,0.3,219,29.485,350.6,75.5,75.5,9.43,41.942,0.17,345.2,0.78,224,0.46,0,1.223,5.852,29.753,4.84,0
7/25/2023,11:35:50,0,Default Site,0.32,219.1,28.723,350.7,75.6,75.6,9.44,40.858,0.17,345.3,0.78,224,0.47,0,1.223,5.872,29.039,4.84,0
7/25/2023,11:35:51,0,Default Site,0.33,219.3,28.215,350.7,75.7,75.7,9.44,40.136,0.17,345.3,0.78,224,0.46,0,1.223,5.895,28.489,4.84,0
7/25/2023,11:35:52,0,Default Site,0.34,219.5,27.711,350.8,75.8,75.8,9.45,39.419,0.17,345.4,0.78,224,0.45,0,1.223,5.915,27.899,4.84,0
7/25/2023,11:35:53,0,Default Site,0.34,219.6,27.501,350.8,75.8,75.8,9.45,39.119,0.17,345.4,0.78,224,0.44,0,1.223,5.947,27.311,4.84,0
7/25/2023,11:35:54,0,Default Site,0.33,219.9,26.31,350.7,75.9,75.9,9.45,37.426,0.17,345.3,0.78,224,0.42,0,1.223,5.982,26.622,4.84,0
7/25/2023,11:35:55,0,Default Site,0.34,220.1,25.778,350.7,76,76,9.46,36.669,0.17,345.2,0.78,224,0.4,0,1.223,6.028,26.061,4.84,0
7/25/2023,11:35:56,0,Default Site,0.35,220.4,25.203,350.6,76.1,76.1,9.46,35.85,0.17,345.1,0.78,224,0.35,0,1.223,6.074,25.523,4.84,0
7/25/2023,11:35:57,0,Default Site,0.36,220.7,24.719,350.6,76.3,76.3,9.47,35.162,0.17,345.1,0.79,224,0.35,0,1.223,6.131,24.912,4.84,0
7/25/2023,11:35:58,0,Default Site,0.37,221.1,24.471,350.6,76.4,76.4,9.47,34.808,0.17,345.1,0.8,224,0.35,0,1.223,6.19,24.225,4.84,0
7/25/2023,11:35:59,0,Default Site,0.37,221.5,23.355,350.6,76.6,76.6,9.49,33.221,0.17,345,0.81,224,0.33,0,1.223,6.266,23.653,4.84,0
7/25/2023,11:36:00,0,Default Site,0.38,222,22.777,350.5,76.9,76.9,9.49,32.398,0.17,344.9,0.82,224,0.33,0,1.223,6.34,23.095,4.84,0
7/25/2023,11:36:01,0,Default Site,0.38,222.4,22.227,350.4,77.1,77.1,9.51,31.616,0.17,344.8,0.82,224,0.3,0,1.223,6.429,22.515,4.84,0
7/25/2023,11:36:02,0,Default Site,0.39,223,21.652,350.4,77.4,77.4,9.52,30.798,0.17,344.7,0.83,224,0.28,0,1.223,6.512,21.911,4.84,0
7/25/2023,11:36:03,0,Default Site,0.4,223.5,21.473,350.3,77.7,77.7,9.54,30.544,0.17,344.6,0.84,224,0.28,0,1.223,6.617,21.258,4.84,0
7/25/2023,11:36:04,0,Default Site,0.41,224.2,21.146,350.2,78,78,9.56,30.079,0.17,344.5,0.85,224,0.26,0,1.223,6.713,20.682,4.84,0
7/25/2023,11:36:05,0,Default Site,0.42,224.8,19.815,350.1,78.4,78.4,9.58,28.185,0.17,344.4,0.85,224,0.25,0,1.223,6.829,20.112,4.84,0
7/25/2023,11:36:06,0,Default Site,0.43,225.5,19.198,350.1,78.7,78.7,9.59,27.307,0.17,344.3,0.86,224,0.25,0,1.223,6.93,19.523,4.84,0
7/25/2023,11:36:07,0,Default Site,0.43,226.1,18.566,350.1,79.1,79.1,9.61,26.408,0.17,344.3,0.86,224,0.24,0,1.223,7.047,18.823,4.84,0
7/25/2023,11:36:08,0,Default Site,0.42,226.9,18.45,350,79.5,79.5,9.62,26.242,0.17,344.2,0.86,224,0.24,0,1.223,7.158,18.27,4.84,0
7/25/2023,11:36:09,0,Default Site,0.44,227.6,18.068,349.9,79.9,79.9,9.65,25.699,0.17,344.1,0.88,224,0.24,0,1.223,7.284,17.68,4.84,0
7/25/2023,11:36:10,0,Default Site,0.45,228.3,16.847,349.7,80.2,80.2,9.65,23.962,0.17,343.9,0.88,224,0.24,0,1.223,7.397,17.135,4.84,0
7/25/2023,11:36:11,0,Default Site,0.46,229,16.212,349.7,83.4,83.4,10.02,23.059,0.17,343.9,0.89,224,0.24,0,1.223,7.52,16.53,4.84,0
7/25/2023,11:36:12,0,Default Site,0.44,229.8,15.58,339.9,83.5,83.5,10,22.159,0.16,334.1,0.89,217,0.24,0,1.223,8.656,15.868,4.84,0
7/25/2023,11:36:13,0,Default Site,0.45,230.7,15.438,338.4,83.7,83.7,9.75,21.956,0.16,332.6,0.9,216,0.23,0,1.223,9.027,15.293,4.84,0
7/25/2023,11:36:14,0,Default Site,0.46,231.8,15.093,335.9,84.5,84.5,9.75,21.465,0.16,330,0.91,215,0.23,0,1.223,9.431,14.743,4.81,0
7/25/2023,11:36:15,0,Default Site,0.46,233.1,13.875,333.7,85,85,9.72,19.732,0.16,327.9,0.92,213,0.24,0,1.223,9.873,14.161,4.81,0
7/25/2023,11:36:16,0,Default Site,0.49,234.5,13.152,333.6,85.3,85.3,9.64,18.702,0.16,327.7,0.92,213,0.25,0,1.223,10.127,13.466,4.81,0
7/25/2023,11:36:17,0,Default Site,0.5,236.4,12.61,334.4,85.8,85.8,9.65,17.932,0.16,328.6,0.92,214,0.24,0,1.223,10.304,12.899,4.81,0
7/25/2023,11:36:18,0,Default Site,0.5,238.1,12.383,334.7,86.3,86.3,9.66,17.609,0.16,328.9,0.93,214,0.25,0,1.223,10.584,12.32,4.81,0
7/25/2023,11:36:19,0,Default Site,0.51,240.5,12.062,324.2,86.8,86.8,9.66,17.15,0.15,318.7,0.94,207,0.28,0,1.223,12.147,11.729,4.81,0
7/25/2023,11:36:20,0,Default Site,0.51,242.6,10.718,324.4,87,87,9.33,15.238,0.15,318.9,0.94,207,0.31,0,1.223,12.504,11.044,4.81,0
7/25/2023,11:36:21,0,Default Site,0.52,245.4,10.162,321.5,87.2,87.2,9.28,14.447,0.15,316.2,0.94,206,0.32,0,1.223,13.279,10.454,4.81,0
7/25/2023,11:36:22,0,Default Site,0.53,248,9.57,322.5,87.2,87.2,9.13,13.604,0.15,317.3,0.95,206,0.33,0,1.223,13.59,9.89,4.81,0
7/25/2023,11:36:23,0,Default Site,0.56,251.6,9.192,323.8,87.4,87.4,9.09,13.067,0.15,318.7,0.96,207,0.34,0,1.223,13.979,9.284,4.81,0
7/25/2023,11:36:24,0,Default Site,0.6,254.8,8.954,323.9,94.1,94.1,9.69,12.727,0.15,318.9,0.96,207,0.38,0,1.223,14.525,8.724,4.83,0
7/25/2023,11:36:25,0,Default Site,0.65,298.1,7.702,356.3,96.6,96.6,9.84,10.946,0.17,351.8,0.96,229,0.42,0,1.223,17.008,8.006,4.83,0
7/25/2023,11:36:26,0,Default Site,0.74,303.1,7.128,348.6,96.9,96.9,9.35,10.126,0.17,344.8,0.98,224,0.47,0,1.223,18.894,7.436,4.83,0
7/25/2023,11:36:27,0,Default Site,0.8,306.6,6.547,337.8,96.2,96.2,8.94,9.296,0.16,335.1,0.98,218,0.52,0,1.223,20.54,6.861,4.83,0
7/25/2023,11:36:28,0,Default Site,0.89,307.8,6.061,336.6,96,96,8.63,8.604,0.16,334.1,0.98,217,0.58,0,1.223,20.879,6.255,4.83,0
7/25/2023,11:36:29,0,Default Site,0.98,308.5,5.785,333,96.3,96.3,8.6,8.212,0.16,330.8,1,215,0.64,0,1.223,21.457,5.575,4.83,0
7/25/2023,11:36:30,0,Default Site,1.07,309.2,4.621,330.5,96.8,96.8,8.55,6.559,0.16,328.6,1,214,0.66,0,1.223,21.941,4.962,4.83,0
7/25/2023,11:36:31,0,Default Site,1.18,310.1,4.118,329.3,97.3,97.3,8.51,5.844,0.16,327.6,1.01,213,0.72,0,1.223,22.209,4.393,4.83,0
7/25/2023,11:36:32,0,Default Site,1.24,310.6,3.476,328.4,97.8,97.8,8.51,4.933,0.16,326.9,1.01,212,0.76,0,1.223,22.421,3.807,4.83,0
7/25/2023,11:36:33,0,Default Site,1.3,311,3.019,327.9,98.3,98.3,8.52,4.285,0.16,326.4,1.01,212,0.8,0,1.223,22.54,3.21,4.83,0
7/25/2023,11:36:34,0,Default Site,1.37,311.2,2.774,327.5,102,102,8.82,3.937,0.16,326,1.01,212,0.82,0,1.223,22.631,2.522,4.84,0
7/25/2023,11:36:35,0,Default Site,1.4,311.5,1.62,327.4,102.5,102.5,8.85,2.299,0.16,325.9,1,212,0.87,0,1.223,22.679,1.919,4.84,0
7/25/2023,11:36:36,0,Default Site,1.4,311.7,1.029,327.1,103,103,8.88,1.46,0.16,325.7,0.99,212,0.91,0,1.223,22.755,1.349,4.84,0
7/25/2023,11:36:37,0,Default Site,1.37,311.9,0.522,326.9,103.7,103.7,8.93,0.741,0.15,325.5,0.99,212,0.98,0,1.223,22.815,0.769,4.84,0
7/25/2023,11:36:38,0,Default Site,1.31,312.2,0.456,326.6,104.2,104.2,8.96,0.647,0.15,325.3,0.97,211,1.02,0,1.223,22.903,0.522,4.84,0
7/25/2023,11:36:39,0,Default Site,1.25,312.5,0.489,326.2,104.5,104.5,8.97,0.694,0.15,325,0.96,211,1.04,0,1.223,22.984,0.511,4.84,0
7/25/2023,11:36:40,0,Default Site,1.17,312.7,0.495,326,104.6,104.6,8.97,0.702,0.15,324.8,0.94,211,1.06,0,1.223,23.06,0.497,4.84,0
7/25/2023,11:36:41,0,Default Site,1.1,313,0.501,325.8,104.7,104.7,8.96,0.712,0.15,324.6,0.92,211,1.06,0,1.223,23.121,0.514,4.84,0
7/25/2023,11:36:42,0,Default Site,1.01,313.5,0.504,325.3,104.7,104.7,8.95,0.715,0.15,324.2,0.9,211,1.06,0,1.223,23.279,0.431,4.84,0
7/25/2023,11:36:43,0,Default Site,0.95,103.9,0.457,107.5,104.7,104.7,8.93,0.649,0.05,107.2,0.9,70,1.24,0,1.223,23.396,0.227,4.84,0
7/25/2023,11:36:44,0,Default Site,0.88,24,0.408,24.8,104.7,104.7,8.91,0.579,0.01,24.8,0.99,16,1.84,0,1.223,23.466,0.186,4.72,0
7/25/2023,11:36:45,0,Default Site,0.81,140.5,0.374,145,104.6,104.6,8.9,0.53,0.07,144.6,1.01,94,2.55,0,1.223,23.497,0.181,4.72,0
7/25/2023,11:36:46,0,Default Site,0.75,36.3,0.348,37.4,104.6,104.6,8.88,0.493,0.02,37.3,1.09,24,2.84,0,1.223,23.55,0.177,4.72,0
7/25/2023,11:36:47,0,Default Site,0.69,286.8,0.324,295.5,104.6,104.6,8.88,0.46,0.14,294.7,1.09,192,2.92,0,1.223,23.594,0.174,4.72,0
7/25/2023,11:36:48,0,Default Site,0.65,237.8,0.31,244.6,104.6,104.6,8.87,0.439,0.12,244,1.07,159,3.06,0,1.223,23.68,0.179,4.72,0
7/25/2023,11:36:49,0,Default Site,0.61,31.7,0.298,32.6,104.6,104.6,8.85,0.422,0.01,32.5,1.17,21,3.37,0,1.223,23.742,0.181,4.72,0
7/25/2023,11:36:50,0,Default Site,0.6,20,0.287,20.6,104.5,104.5,8.84,0.407,0.01,20.5,1.26,13,3.85,0,1.223,23.794,0.177,4.72,0
7/25/2023,11:36:51,0,Default Site,0.56,17.1,0.279,17.5,104.4,104.4,8.82,0.395,0.01,17.5,1.38,11,4.14,0,1.223,23.806,0.176,4.72,0
7/25/2023,11:36:52,0,Default Site,0.51,15.4,0.27,15.8,104.2,104.2,8.8,0.383,0.01,15.8,1.53,10,4.94,0,1.223,23.783,0.178,4.72,0
7/25/2023,11:36:53,0,Default Site,0.51,14.2,0.264,14.6,100.5,100.5,8.49,0.375,0.01,14.5,1.55,9,5.76,0,1.223,23.751,0.177,4.72,0
7/25/2023,11:36:54,0,Default Site,0.52,13.5,0.258,13.9,100,100,8.46,0.367,0,13.8,1.64,9,5.99,0,1.223,23.699,0.175,4.7,0
7/25/2023,11:36:55,0,Default Site,0.52,12.9,0.254,13.3,99.3,99.3,8.41,0.36,0,13.2,1.7,9,6.19,0,1.223,23.643,0.175,4.7,0
7/25/2023,11:36:56,0,Default Site,0.48,12.5,0.248,12.9,99.1,99.1,8.4,0.352,0,12.9,1.77,8,6.5,0,1.223,23.571,0.175,4.7,0
7/25/2023,11:36:57,0,Default Site,0.44,12.3,0.245,12.7,98.9,98.9,8.4,0.347,0,12.7,1.84,8,6.8,0,1.223,23.509,0.178,4.7,0
7/25/2023,11:36:58,0,Default Site,0.4,12.1,0.242,12.5,98.8,98.8,8.39,0.343,0,12.5,1.97,8,5.62,0,1.223,23.451,0.181,4.7,0
7/25/2023,11:36:59,0,Default Site,0.38,11.8,0.238,12.3,98.6,98.6,8.39,0.338,0,12.2,2.08,8,5.67,0,1.223,23.363,0.176,4.7,0
7/25/2023,11:37:00,0,Default Site,0.38,11.6,0.235,12.3,98.4,98.4,8.38,0.333,0,12.3,2.19,8,5.49,0,1.223,22.27,0.173,4.7,0
7/25/2023,11:37:01,0,Default Site,0.36,11.5,0.232,12.2,98.5,98.5,8.57,0.33,0,12.1,2.29,8,5.86,0,1.223,22.177,0.173,4.7,0
7/25/2023,11:37:02,0,Default Site,0.34,11.3,0.23,12,98.5,98.5,8.58,0.326,0,12,2.3,8,7.43,0,1.223,22.001,0.174,4.7,0
7/25/2023,11:37:03,0,Default Site,0.38,10.6,0.228,11.3,98.5,98.5,8.61,0.323,0,11.2,2.2,7,9.11,0,1.223,21.949,0.177,4.7,0
7/25/2023,11:37:04,0,Default Site,0.39,10.2,0.225,10.9,98.5,98.5,8.62,0.32,0,10.8,2.2,7,10.81,0,1.223,21.914,0.174,4.73,0
7/25/2023,11:37:05,0,Default Site,0.34,9.9,0.224,10.6,98.6,98.6,8.63,0.317,0,10.6,2.21,7,12.24,0,1.223,21.919,0.171,4.73,0
7/25/2023,11:37:06,0,Default Site,0.33,9.8,0.222,10.5,98.6,98.6,8.63,0.315,0,10.4,2.27,7,13.95,0,1.223,21.929,0.172,4.73,0
7/25/2023,11:37:07,0,Default Site,0.36,9.7,0.22,10.3,98.6,98.6,8.63,0.312,0,10.3,2.37,7,15.21,0,1.223,21.94,0.175,4.73,0
7/25/2023,11:37:08,0,Default Site,0.41,9.5,0.218,10.2,98.6,98.6,8.63,0.31,0,10.1,2.32,7,31.02,0,1.223,21.948,0.172,4.73,0
7/25/2023,11:37:09,0,Default Site,0.39,9.5,0.217,10.1,98.6,98.6,8.63,0.307,0,10,2.27,7,29.79,0,1.223,21.955,0.167,4.73,0
7/25/2023,11:37:10,0,Default Site,0.39,9.3,0.215,9.9,98.5,98.5,8.62,0.305,0,9.8,2.24,6,28.01,0,1.223,21.961,0.17,4.73,0
7/25/2023,11:37:11,0,Default Site,0.42,9.2,0.214,9.8,98.5,98.5,8.62,0.304,0,9.7,2.17,6,27.31,0,1.223,21.967,0.174,4.73,0
7/25/2023,11:37:12,0,Default Site,0.46,9.1,0.213,9.7,98.5,98.5,8.62,0.302,0,9.6,2.22,6,30.01,0,1.223,21.972,0.174,4.73,0
7/25/2023,11:37:13,0,Default Site,0.48,9,0.211,9.6,98.5,98.5,8.62,0.3,0,9.6,2.19,6,30.07,0,1.223,21.977,0.168,4.73,0
7/25/2023,11:37:14,0,Default Site,0.45,8.9,0.21,9.5,98.5,98.5,8.62,0.298,0,9.5,2.2,6,29.68,0,1.223,21.979,0.166,4.74,0
7/25/2023,11:37:15,0,Default Site,0.47,8.9,0.209,9.5,98.4,98.4,8.61,0.297,0,9.4,2.18,6,29.5,0,1.223,21.981,0.168,4.74,0
7/25/2023,11:37:16,0,Default Site,0.5,8.8,0.208,9.4,98.4,98.4,8.6,0.295,0,9.4,2.17,6,29.58,0,1.223,21.985,0.173,4.74,0
7/25/2023,11:37:17,0,Default Site,0.52,8.8,0.199,9.4,98.3,98.3,8.6,0.283,0,9.3,2.12,6,29.67,0,1.223,21.992,0.166,4.74,0
7/25/2023,11:37:18,0,Default Site,0.5,8.7,0.189,9.3,98.2,98.2,8.59,0.269,0,9.2,2.09,6,30,0,1.223,21.996,0.163,4.74,0
7/25/2023,11:37:19,0,Default Site,0.47,8.7,0.181,9.3,98.2,98.2,8.58,0.256,0,9.2,2.07,6,30.35,0,1.223,22,0.168,4.74,0
7/25/2023,11:37:20,0,Default Site,0.52,8.6,0.174,9.2,98.1,98.1,8.58,0.246,0,9.2,2.05,6,30.52,0,1.223,22.003,0.167,4.74,0
7/25/2023,11:37:21,0,Default Site,0.47,8.6,0.173,9.2,98,98,8.57,0.245,0,9.1,2.07,6,30.8,0,1.223,22.006,0.165,4.74,0
7/25/2023,11:37:22,0,Default Site,0.44,8.6,0.172,9.1,98,98,8.57,0.245,0,9.1,2.06,6,31.06,0,1.223,22.009,0.164,4.74,0
7/25/2023,11:37:23,0,Default Site,0.39,8.5,0.172,9.1,97.9,97.9,8.56,0.244,0,9.1,2.07,6,31.27,0,1.223,22.012,0.167,4.74,0
7/25/2023,11:37:24,0,Default Site,0.35,8.5,0.172,9.1,97.9,97.9,8.55,0.244,0,9,2.03,6,31.37,0,1.223,22.014,0.166,4.81,0
7/25/2023,11:37:25,0,Default Site,0.32,8.5,0.172,9,97.8,97.8,8.55,0.244,0,9,2,6,31.48,0,1.223,22.016,0.167,4.81,0
7/25/2023,11:37:26,0,Default Site,0.3,8.4,0.171,9,97.8,97.8,8.55,0.243,0,9,2.02,6,31.73,0,1.223,22.018,0.164,4.81,0
7/25/2023,11:37:27,0,Default Site,0.3,8.4,0.171,9,97.8,97.8,8.55,0.243,0,8.9,2.01,6,31.94,0,1.223,22.022,0.164,4.81,0
7/25/2023,11:37:28,0,Default Site,0.28,8.4,0.171,8.9,97.8,97.8,8.55,0.242,0,8.9,2.02,6,32.23,0,1.223,22.027,0.165,4.81,0
7/25/2023,11:37:29,0,Default Site,0.26,8.4,0.171,8.9,97.8,97.8,8.55,0.242,0,8.9,2.02,6,32.64,0,1.223,22.033,0.166,4.81,0
7/25/2023,11:37:30,0,Default Site,0.26,8.4,0.17,8.9,97.8,97.8,8.55,0.241,0,8.9,2,6,32.99,0,1.223,22.039,0.164,4.81,0
7/25/2023,11:37:31,0,Default Site,0.26,8.3,0.17,8.9,97.8,97.8,8.54,0.241,0,8.8,1.94,6,33.29,0,1.223,22.047,0.159,4.81,0
7/25/2023,11:37:32,0,Default Site,0.3,8.3,0.169,8.9,97.7,97.7,8.54,0.24,0,8.8,1.94,6,33.57,0,1.223,22.055,0.162,4.81,0
7/25/2023,11:37:33,0,Default Site,0.31,8.3,0.169,8.8,97.7,97.7,8.54,0.24,0,8.8,1.91,6,33.67,0,1.223,22.06,0.164,4.81,0
7/25/2023,11:37:34,0,Default Site,0.35,8.3,0.169,8.8,97.7,97.7,8.54,0.24,0,8.8,1.92,6,33.88,0,1.223,22.062,0.167,4.84,0
7/25/2023,11:37:35,0,Default Site,0.35,8.3,0.168,8.8,97.7,97.7,8.54,0.239,0,8.8,1.91,6,34.1,0,1.223,22.065,0.165,4.84,0
7/25/2023,11:37:36,0,Default Site,0.39,8.3,0.168,8.8,97.7,97.7,8.54,0.238,0,8.7,1.9,6,34.2,0,1.223,22.068,0.161,4.84,0
7/25/2023,11:37:37,0,Default Site,0.33,8.2,0.168,8.8,97.7,97.7,8.53,0.238,0,8.7,1.85,6,34.28,0,1.223,22.072,0.163,4.84,0
7/25/2023,11:37:38,0,Default Site,0.34,8.2,0.167,8.8,97.7,97.7,8.53,0.238,0,8.7,1.82,6,34.24,0,1.223,22.074,0.169,4.84,0
7/25/2023,11:37:39,0,Default Site,0.33,8.2,0.167,8.8,97.6,97.6,8.53,0.237,0,8.7,1.79,6,34.24,0,1.223,22.077,0.165,4.84,0
7/25/2023,11:37:40,0,Default Site,0.33,8.2,0.167,8.7,97.6,97.6,8.52,0.237,0,8.7,1.77,6,34.19,0,1.223,22.076,0.162,4.84,0
7/25/2023,11:37:41,0,Default Site,0.33,8.2,0.166,8.7,97.6,97.6,8.52,0.236,0,8.7,1.73,6,34.22,0,1.223,22.077,0.163,4.84,0
7/25/2023,11:37:42,0,Default Site,0.32,8.2,0.166,8.7,97.6,97.6,8.52,0.236,0,8.7,1.72,6,34.3,0,1.223,22.078,0.164,4.84,0
7/25/2023,11:37:43,0,Default Site,0.35,8.2,0.166,8.7,97.6,97.6,8.52,0.236,0,8.7,1.69,6,34.3,0,1.223,22.078,0.168,4.84,0
7/25/2023,11:37:44,0,Default Site,0.34,8.2,0.166,8.7,97.5,97.5,8.52,0.235,0,8.7,1.69,6,34.08,0,1.223,22.078,0.163,4.81,0
7/25/2023,11:37:45,0,Default Site,0.36,8.2,0.165,8.7,97.6,97.6,8.52,0.235,0,8.6,1.65,6,33.91,0,1.223,22.078,0.16,4.81,0
7/25/2023,11:37:46,0,Default Site,0.37,8.2,0.165,8.7,97.5,97.5,8.52,0.234,0,8.6,1.66,6,33.79,0,1.223,22.079,0.163,4.81,0
7/25/2023,11:37:47,0,Default Site,0.37,8.1,0.165,8.7,97.5,97.5,8.51,0.234,0,8.6,1.64,6,33.57,0,1.223,22.082,0.166,4.81,0
7/25/2023,11:37:48,0,Default Site,0.4,8.1,0.165,8.7,97.5,97.5,8.51,0.234,0,8.6,1.61,6,33.36,0,1.223,22.085,0.164,4.81,0
7/25/2023,11:37:49,0,Default Site,0.38,8.1,0.165,8.7,97.4,97.4,8.51,0.234,0,8.6,1.62,6,33.08,0,1.223,22.088,0.16,4.81,0
7/25/2023,11:37:50,0,Default Site,0.43,8.1,0.164,8.7,97.4,97.4,8.5,0.233,0,8.6,1.65,6,32.9,0,1.223,22.091,0.163,4.81,0
7/25/2023,11:37:51,0,Default Site,0.44,8.1,0.164,8.7,97.4,97.4,8.5,0.233,0,8.6,1.67,6,32.66,0,1.223,22.095,0.169,4.81,0
7/25/2023,11:37:52,0,Default Site,0.45,8.1,0.164,8.6,97.4,97.4,8.5,0.233,0,8.6,1.65,6,32.65,0,1.223,22.1,0.167,4.81,0
7/25/2023,11:37:53,0,Default Site,0.45,8.1,0.164,8.6,97.4,97.4,8.5,0.233,0,8.6,1.64,6,32.66,0,1.223,22.107,0.164,4.81,0
7/25/2023,11:37:54,0,Default Site,0.46,8.1,0.164,8.6,97.4,97.4,8.5,0.233,0,8.6,1.67,6,32.74,0,1.223,22.113,0.163,4.78,0
7/25/2023,11:37:55,0,Default Site,0.48,8.1,0.164,8.6,97.4,97.4,8.5,0.233,0,8.6,1.66,6,32.81,0,1.223,22.119,0.163,4.78,0
7/25/2023,11:37:56,0,Default Site,0.46,8.1,0.164,8.6,97.4,97.4,8.5,0.233,0,8.6,1.72,6,32.82,0,1.223,22.125,0.168,4.78,0
7/25/2023,11:37:57,0,Default Site,0.5,8.1,0.164,8.6,97.4,97.4,8.49,0.233,0,8.6,1.71,6,32.78,0,1.223,22.13,0.164,4.78,0
7/25/2023,11:37:58,0,Default Site,0.5,8.1,0.164,8.6,97.3,97.3,8.49,0.232,0,8.6,1.7,6,32.89,0,1.223,22.136,0.161,4.78,0
7/25/2023,11:37:59,0,Default Site,0.51,8.1,0.164,8.6,97.3,97.3,8.49,0.233,0,8.6,1.69,6,33.11,0,1.223,22.14,0.165,4.78,0
7/25/2023,11:38:00,0,Default Site,0.49,8.1,0.164,8.6,97.3,97.3,8.49,0.233,0,8.6,1.69,6,33.27,0,1.223,22.146,0.163,4.78,0
7/25/2023,11:38:01,0,Default Site,0.43,8.1,0.164,8.6,97.3,97.3,8.48,0.232,0,8.5,1.69,6,33.44,0,1.223,22.15,0.167,4.78,0
7/25/2023,11:38:02,0,Default Site,0.45,8.1,0.164,8.6,97.2,97.2,8.48,0.232,0,8.5,1.7,6,33.72,0,1.223,22.154,0.161,4.78,0
7/25/2023,11:38:03,0,Default Site,0.42,8.1,0.164,8.6,97.2,97.2,8.48,0.232,0,8.5,1.7,6,34.06,0,1.223,22.158,0.162,4.78,0
7/25/2023,11:38:04,0,Default Site,0.45,8.1,0.163,8.6,97.2,97.2,8.47,0.232,0,8.5,1.68,6,34.36,0,1.223,22.16,0.163,4.7,0
7/25/2023,11:38:05,0,Default Site,0.43,8,0.164,8.6,97.2,97.2,8.47,0.232,0,8.5,1.65,6,34.45,0,1.223,22.159,0.17,4.7,0
7/25/2023,11:38:06,0,Default Site,0.42,8,0.163,8.6,97.1,97.1,8.47,0.232,0,8.5,1.64,6,34.43,0,1.223,22.157,0.164,4.7,0
7/25/2023,11:38:07,0,Default Site,0.38,8,0.163,8.5,97.1,97.1,8.47,0.232,0,8.5,1.63,6,34.54,0,1.223,22.157,0.162,4.7,0
7/25/2023,11:38:08,0,Default Site,0.29,8,0.163,8.5,97.1,97.1,8.47,0.232,0,8.5,1.63,6,34.61,0,1.223,22.156,0.163,4.7,0
7/25/2023,11:38:09,0,Default Site,0.29,8,0.164,8.5,97.1,97.1,8.47,0.232,0,8.5,1.62,6,34.6,0,1.223,22.156,0.169,4.7,0
7/25/2023,11:38:10,0,Default Site,0.28,8,0.164,8.5,97.1,97.1,8.47,0.232,0,8.5,1.61,6,34.78,0,1.223,22.155,0.163,4.7,0
7/25/2023,11:38:11,0,Default Site,0.31,8,0.163,8.5,97.1,97.1,8.47,0.232,0,8.5,1.62,6,34.86,0,1.222,22.156,0.161,4.7,0
7/25/2023,11:38:12,0,Default Site,0.31,8,0.164,8.5,97.1,97.1,8.47,0.232,0,8.5,1.59,6,35.13,0,1.222,22.155,0.167,4.7,0
7/25/2023,11:38:13,0,Default Site,0.31,8,0.164,8.5,97.1,97.1,8.47,0.232,0,8.5,1.6,6,35.15,0,1.222,22.154,0.171,4.7,0
7/25/2023,11:38:14,0,Default Site,0.31,8,0.164,8.5,97.1,97.1,8.47,0.232,0,8.5,1.57,5,35.19,0,1.222,22.152,0.164,5.51,11.3
7/25/2023,11:38:15,0,Default Site,0.31,8,0.164,8.5,97.1,97.1,8.47,0.232,0,8.5,1.54,5,35.28,0,1.222,22.151,0.16,5.51,11.3
7/25/2023,11:38:16,0,Default Site,0.29,8,0.164,8.5,97.1,97.1,8.47,0.232,0,8.5,1.54,5,35.33,0,1.222,22.148,0.163,5.51,11.3
7/25/2023,11:38:17,0,Default Site,0.29,8,0.164,8.5,97.1,97.1,8.46,0.232,0,8.4,1.55,5,35.38,0,1.222,22.146,0.167,5.51,11.3
7/25/2023,11:38:18,0,Default Site,0.34,8,0.164,8.5,97.1,97.1,8.46,0.233,0,8.4,1.56,5,35.25,0,1.222,22.147,0.173,5.51,11.3
7/25/2023,11:38:19,0,Default Site,0.39,8,0.164,8.5,97.1,97.1,8.46,0.233,0,8.4,1.58,5,35.25,0,1.222,22.148,0.162,5.51,11.3
7/25/2023,11:38:20,0,Default Site,0.39,8,0.164,8.5,97.1,97.1,8.46,0.233,0,8.4,1.6,5,35.15,0,1.222,22.145,0.167,5.51,11.3
7/25/2023,11:38:21,0,Default Site,0.39,8,0.164,8.5,97,97,8.46,0.233,0,8.4,1.59,5,35.12,0,1.222,22.138,0.166,5.51,11.3
7/25/2023,11:38:22,0,Default Site,0.38,8,0.164,8.5,97,97,8.46,0.233,0,8.4,1.6,5,34.89,0,1.222,22.13,0.171,5.51,11.3
7/25/2023,11:38:23,0,Default Site,0.35,7.9,0.164,8.5,97,97,8.46,0.233,0,8.4,1.61,5,34.72,0,1.222,22.123,0.161,5.51,11.3
7/25/2023,11:38:24,0,Default Site,0.35,7.9,0.164,8.4,96.9,96.9,8.46,0.233,0,8.4,1.6,5,34.64,0,1.222,22.117,0.163,5.53,11.3
7/25/2023,11:38:25,0,Default Site,0.36,7.9,0.165,8.4,96.9,96.9,8.46,0.234,0,8.4,1.57,5,34.5,0,1.222,22.114,0.172,5.53,11.3
7/25/2023,11:38:26,0,Default Site,0.37,7.9,0.165,8.4,97,97,8.46,0.234,0,8.4,1.54,5,34.33,0,1.222,22.111,0.173,5.53,11.3
7/25/2023,11:38:27,0,Default Site,0.35,7.9,0.165,8.4,97,97,8.46,0.234,0,8.4,1.54,5,34.18,0,1.222,22.111,0.173,5.53,11.3
7/25/2023,11:38:28,0,Default Site,0.29,7.9,0.165,8.4,97,97,8.46,0.234,0,8.4,1.53,5,34.09,0,1.222,22.11,0.167,5.53,11.3
7/25/2023,11:38:29,0,Default Site,0.27,7.9,0.165,8.4,97,97,8.47,0.234,0,8.4,1.54,5,33.93,0,1.222,22.109,0.164,5.53,11.3
7/25/2023,11:38:30,0,Default Site,0.26,7.9,0.165,8.4,97,97,8.47,0.235,0,8.4,1.51,5,33.78,0,1.222,22.11,0.168,5.53,11.3
7/25/2023,11:38:31,0,Default Site,0.29,7.9,0.165,8.4,97.1,97.1,8.47,0.235,0,8.4,1.51,5,33.65,0,1.222,22.11,0.17,5.53,11.3
7/25/2023,11:38:32,0,Default Site,0.3,7.9,0.165,8.4,97.1,97.1,8.47,0.235,0,8.4,1.49,5,33.59,0,1.222,22.111,0.167,5.53,11.3
7/25/2023,11:38:33,0,Default Site,0.3,7.9,0.166,8.4,97.1,97.1,8.47,0.235,0,8.4,1.53,5,33.53,0,1.222,22.116,0.169,5.53,11.3
7/25/2023,11:38:34,0,Default Site,0.35,7.9,0.166,8.4,97.1,97.1,8.47,0.235,0,8.4,1.51,5,33.5,0,1.222,22.123,0.164,5.54,11.3
7/25/2023,11:38:35,0,Default Site,0.34,7.9,0.166,8.4,97.1,97.1,8.47,0.235,0,8.4,1.52,5,33.65,0,1.222,22.127,0.165,5.54,11.3
7/25/2023,11:38:36,0,Default Site,0.38,7.9,0.166,8.4,97.1,97.1,8.47,0.235,0,8.4,1.54,5,33.64,0,1.222,22.131,0.171,5.54,11.3
7/25/2023,11:38:37,0,Default Site,0.34,7.9,0.166,8.4,97,97,8.46,0.235,0,8.4,1.56,5,33.69,0,1.222,22.129,0.166,5.54,11.3
7/25/2023,11:38:38,0,Default Site,0.4,7.9,0.166,8.4,97,97,8.46,0.236,0,8.4,1.56,5,33.69,0,1.222,22.123,0.167,5.54,11.3
7/25/2023,11:38:39,0,Default Site,0.42,7.9,0.166,8.4,96.9,96.9,8.46,0.236,0,8.4,1.54,5,33.58,0,1.222,22.119,0.167,5.54,11.3
7/25/2023,11:38:40,0,Default Site,0.45,7.9,0.166,8.4,96.9,96.9,8.45,0.236,0,8.4,1.59,5,33.44,0,1.222,22.115,0.17,5.54,11.3
7/25/2023,11:38:41,0,Default Site,0.38,7.9,0.166,8.4,96.8,96.8,8.45,0.236,0,8.4,1.54,5,33.39,0,1.222,22.11,0.168,5.54,11.3
7/25/2023,11:38:42,0,Default Site,0.37,7.9,0.167,8.4,96.8,96.8,8.45,0.236,0,8.4,1.53,5,33.25,0,1.222,22.106,0.167,5.54,11.3
7/25/2023,11:38:43,0,Default Site,0.39,7.9,0.167,8.4,96.8,96.8,8.45,0.236,0,8.4,1.54,5,33.26,0,1.222,22.102,0.167,5.54,11.3
7/25/2023,11:38:44,0,Default Site,0.36,7.9,0.167,8.4,96.8,96.8,8.44,0.237,0,8.4,1.55,5,33.21,0,1.222,22.098,0.172,5.55,11.3
7/25/2023,11:38:45,0,Default Site,0.33,7.9,0.167,8.4,96.8,96.8,8.44,0.237,0,8.3,1.58,5,33.17,0,1.222,22.094,0.171,5.55,11.3
7/25/2023,11:38:46,0,Default Site,0.31,7.9,0.167,8.4,96.8,96.8,8.45,0.237,0,8.3,1.58,5,33.14,0,1.222,22.09,0.165,5.55,11.3
7/25/2023,11:38:47,0,Default Site,0.24,7.9,0.167,8.4,96.8,96.8,8.45,0.237,0,8.3,1.57,5,33.16,0,1.222,22.088,0.17,5.55,11.3
7/25/2023,11:38:48,0,Default Site,0.21,7.9,0.167,8.4,96.8,96.8,8.45,0.238,0,8.3,1.57,5,33.18,0,1.222,22.088,0.169,5.55,11.3
7/25/2023,11:38:49,0,Default Site,0.22,7.9,0.168,8.4,96.8,96.8,8.45,0.238,0,8.3,1.62,5,33.19,0,1.222,22.087,0.173,5.55,11.3
7/25/2023,11:38:50,0,Default Site,0.2,7.9,0.168,8.4,96.9,96.9,8.46,0.238,0,8.3,1.65,5,33.16,0,1.222,22.086,0.168,5.55,11.3
